receptor_number,CDR3a,CDR3b,peptide,score,rank,binder
0,<MIS>,CASSLHWGLSEKLFF,LGSPGDAGL,-39.83111572265625,8,1
1,<MIS>,CASGTGENTEAFF,LGSPGDAGL,-38.70843505859375,14,1
2,<MIS>,CASSLGTYGYTF,LGSPGDAGL,-36.84307098388672,20,1
3,<MIS>,CATSDSRQGDASGELFF,LGSPGDAGL,-43.12178039550781,1,1
4,<MIS>,CASFGSNQPQHF,LGSPGDAGL,-38.3314208984375,16,1
5,<MIS>,CASSSRQAGTNEKLFF,LGSPGDAGL,-40.19453811645508,6,1
6,<MIS>,CSAREPQAGRYGYTF,LGSPGDAGL,-39.487449645996094,10,1
7,<MIS>,CASRDSNQPQHF,LGSPGDAGL,-38.6656608581543,15,1
8,<MIS>,CASSLEANTEAFF,LGSPGDAGL,-39.97539520263672,7,1
9,<MIS>,CASSFSLLGGELFF,LGSPGDAGL,-39.60320281982422,9,1
10,<MIS>,CSVEDLTSQGPIKNTEAFF,LGSPGDAGL,-40.61046600341797,4,1
11,<MIS>,CASRWSNEKLFF,LGSPGDAGL,-37.456939697265625,19,1
12,<MIS>,CASSQQYSNQPQHF,LGSPGDAGL,-41.18986892700195,3,1
13,<MIS>,CASRPRASGGPYEQYF,LGSPGDAGL,-44.99566650390625,0,1
14,<MIS>,CATSSTPTSGGNEQFF,LGSPGDAGL,-39.179290771484375,11,1
15,<MIS>,CASSKTGTFSGYGYTF,LGSPGDAGL,-37.842166900634766,17,1
16,<MIS>,CASRFPGTGGAGDPYEQYF,LGSPGDAGL,-38.80986785888672,13,1
17,<MIS>,CASSMTGGGYNEQFF,LGSPGDAGL,-42.27024841308594,2,1
18,<MIS>,CATSGPNALAGKQFF,LGSPGDAGL,-40.310585021972656,5,1
19,<MIS>,CASSLAKLAGGRNTEAFF,LGSPGDAGL,-38.97991943359375,12,1
20,<MIS>,CASSHSSGSSYNEQFF,LGSPGDAGL,-37.46078872680664,18,1
0,<MIS>,CASSLHWGLSEKLFF,AAERGIEKM,-51.03070068359375,16,1
1,<MIS>,CASGTGENTEAFF,AAERGIEKM,-51.812652587890625,11,1
2,<MIS>,CASSLGTYGYTF,AAERGIEKM,-52.79948806762695,6,1
3,<MIS>,CATSDSRQGDASGELFF,AAERGIEKM,-51.27199172973633,13,1
4,<MIS>,CASFGSNQPQHF,AAERGIEKM,-51.84724426269531,10,1
5,<MIS>,CASSSRQAGTNEKLFF,AAERGIEKM,-52.01386260986328,8,1
6,<MIS>,CSAREPQAGRYGYTF,AAERGIEKM,-50.20823669433594,20,1
7,<MIS>,CASRDSNQPQHF,AAERGIEKM,-52.072059631347656,7,1
8,<MIS>,CASSLEANTEAFF,AAERGIEKM,-51.85304260253906,9,1
9,<MIS>,CASSFSLLGGELFF,AAERGIEKM,-50.94023513793945,17,1
10,<MIS>,CSVEDLTSQGPIKNTEAFF,AAERGIEKM,-51.04645919799805,15,1
11,<MIS>,CASRWSNEKLFF,AAERGIEKM,-52.81826400756836,5,1
12,<MIS>,CASSQQYSNQPQHF,AAERGIEKM,-51.20756149291992,14,1
13,<MIS>,CASRPRASGGPYEQYF,AAERGIEKM,-54.59416961669922,1,1
14,<MIS>,CATSSTPTSGGNEQFF,AAERGIEKM,-55.19544219970703,0,1
15,<MIS>,CASSKTGTFSGYGYTF,AAERGIEKM,-50.677467346191406,18,1
16,<MIS>,CASRFPGTGGAGDPYEQYF,AAERGIEKM,-50.617698669433594,19,1
17,<MIS>,CASSMTGGGYNEQFF,AAERGIEKM,-53.26547622680664,3,1
18,<MIS>,CATSGPNALAGKQFF,AAERGIEKM,-53.54387664794922,2,1
19,<MIS>,CASSLAKLAGGRNTEAFF,AAERGIEKM,-51.775672912597656,12,1
20,<MIS>,CASSHSSGSSYNEQFF,AAERGIEKM,-53.03523254394531,4,1
0,<MIS>,CASSLHWGLSEKLFF,HYYTSIQDL,-51.65800476074219,5,1
1,<MIS>,CASGTGENTEAFF,HYYTSIQDL,-49.918487548828125,12,1
2,<MIS>,CASSLGTYGYTF,HYYTSIQDL,-49.55154037475586,14,1
3,<MIS>,CATSDSRQGDASGELFF,HYYTSIQDL,-52.90910339355469,3,1
4,<MIS>,CASFGSNQPQHF,HYYTSIQDL,-53.16468811035156,2,1
5,<MIS>,CASSSRQAGTNEKLFF,HYYTSIQDL,-47.426212310791016,17,1
6,<MIS>,CSAREPQAGRYGYTF,HYYTSIQDL,-46.606815338134766,20,1
7,<MIS>,CASRDSNQPQHF,HYYTSIQDL,-53.287940979003906,1,1
8,<MIS>,CASSLEANTEAFF,HYYTSIQDL,-51.84241485595703,4,1
9,<MIS>,CASSFSLLGGELFF,HYYTSIQDL,-50.91185760498047,9,1
10,<MIS>,CSVEDLTSQGPIKNTEAFF,HYYTSIQDL,-47.31034469604492,18,1
11,<MIS>,CASRWSNEKLFF,HYYTSIQDL,-50.38648986816406,10,1
12,<MIS>,CASSQQYSNQPQHF,HYYTSIQDL,-54.925716400146484,0,1
13,<MIS>,CASRPRASGGPYEQYF,HYYTSIQDL,-49.69635772705078,13,1
14,<MIS>,CATSSTPTSGGNEQFF,HYYTSIQDL,-51.43015670776367,7,1
15,<MIS>,CASSKTGTFSGYGYTF,HYYTSIQDL,-48.37864303588867,15,1
16,<MIS>,CASRFPGTGGAGDPYEQYF,HYYTSIQDL,-47.507713317871094,16,1
17,<MIS>,CASSMTGGGYNEQFF,HYYTSIQDL,-51.60948944091797,6,1
18,<MIS>,CATSGPNALAGKQFF,HYYTSIQDL,-50.12405776977539,11,1
19,<MIS>,CASSLAKLAGGRNTEAFF,HYYTSIQDL,-47.22467041015625,19,1
20,<MIS>,CASSHSSGSSYNEQFF,HYYTSIQDL,-51.17903137207031,8,1
0,<MIS>,CASSLHWGLSEKLFF,ITLEEASWL,-41.2082633972168,12,1
1,<MIS>,CASGTGENTEAFF,ITLEEASWL,-40.34009552001953,15,1
2,<MIS>,CASSLGTYGYTF,ITLEEASWL,-39.64911651611328,17,1
3,<MIS>,CATSDSRQGDASGELFF,ITLEEASWL,-43.09514236450195,5,1
4,<MIS>,CASFGSNQPQHF,ITLEEASWL,-43.74727249145508,3,1
5,<MIS>,CASSSRQAGTNEKLFF,ITLEEASWL,-40.57183837890625,14,1
6,<MIS>,CSAREPQAGRYGYTF,ITLEEASWL,-41.51703643798828,10,1
7,<MIS>,CASRDSNQPQHF,ITLEEASWL,-45.33219909667969,1,1
8,<MIS>,CASSLEANTEAFF,ITLEEASWL,-41.560089111328125,9,1
9,<MIS>,CASSFSLLGGELFF,ITLEEASWL,-42.88821029663086,6,1
10,<MIS>,CSVEDLTSQGPIKNTEAFF,ITLEEASWL,-41.33477020263672,11,1
11,<MIS>,CASRWSNEKLFF,ITLEEASWL,-42.25022888183594,7,1
12,<MIS>,CASSQQYSNQPQHF,ITLEEASWL,-42.17824172973633,8,1
13,<MIS>,CASRPRASGGPYEQYF,ITLEEASWL,-46.42085266113281,0,1
14,<MIS>,CATSSTPTSGGNEQFF,ITLEEASWL,-44.68253707885742,2,1
15,<MIS>,CASSKTGTFSGYGYTF,ITLEEASWL,-39.53901672363281,18,1
16,<MIS>,CASRFPGTGGAGDPYEQYF,ITLEEASWL,-41.176124572753906,13,1
17,<MIS>,CASSMTGGGYNEQFF,ITLEEASWL,-38.5555305480957,19,1
18,<MIS>,CATSGPNALAGKQFF,ITLEEASWL,-43.49323272705078,4,1
19,<MIS>,CASSLAKLAGGRNTEAFF,ITLEEASWL,-38.456207275390625,20,1
20,<MIS>,CASSHSSGSSYNEQFF,ITLEEASWL,-40.24101257324219,16,1
0,<MIS>,CASSLHWGLSEKLFF,EEASWLGWL,-52.825592041015625,5,1
1,<MIS>,CASGTGENTEAFF,EEASWLGWL,-53.13575744628906,4,1
2,<MIS>,CASSLGTYGYTF,EEASWLGWL,-55.10533905029297,1,1
3,<MIS>,CATSDSRQGDASGELFF,EEASWLGWL,-50.76972961425781,16,1
4,<MIS>,CASFGSNQPQHF,EEASWLGWL,-53.869014739990234,3,1
5,<MIS>,CASSSRQAGTNEKLFF,EEASWLGWL,-50.95782470703125,13,1
6,<MIS>,CSAREPQAGRYGYTF,EEASWLGWL,-51.944114685058594,11,1
7,<MIS>,CASRDSNQPQHF,EEASWLGWL,-50.86913299560547,15,1
8,<MIS>,CASSLEANTEAFF,EEASWLGWL,-50.95549011230469,14,1
9,<MIS>,CASSFSLLGGELFF,EEASWLGWL,-52.7877197265625,8,1
10,<MIS>,CSVEDLTSQGPIKNTEAFF,EEASWLGWL,-49.857452392578125,19,1
11,<MIS>,CASRWSNEKLFF,EEASWLGWL,-50.367313385009766,18,1
12,<MIS>,CASSQQYSNQPQHF,EEASWLGWL,-52.61970520019531,9,1
13,<MIS>,CASRPRASGGPYEQYF,EEASWLGWL,-53.93877410888672,2,1
14,<MIS>,CATSSTPTSGGNEQFF,EEASWLGWL,-52.790889739990234,7,1
15,<MIS>,CASSKTGTFSGYGYTF,EEASWLGWL,-50.403602600097656,17,1
16,<MIS>,CASRFPGTGGAGDPYEQYF,EEASWLGWL,-52.493309020996094,10,1
17,<MIS>,CASSMTGGGYNEQFF,EEASWLGWL,-56.66255569458008,0,1
18,<MIS>,CATSGPNALAGKQFF,EEASWLGWL,-51.05818557739258,12,1
19,<MIS>,CASSLAKLAGGRNTEAFF,EEASWLGWL,-49.79200744628906,20,1
20,<MIS>,CASSHSSGSSYNEQFF,EEASWLGWL,-52.795589447021484,6,1
0,<MIS>,CASSLHWGLSEKLFF,RTASAEYNV,-35.07529067993164,11,1
1,<MIS>,CASGTGENTEAFF,RTASAEYNV,-33.415550231933594,18,1
2,<MIS>,CASSLGTYGYTF,RTASAEYNV,-34.621517181396484,14,1
3,<MIS>,CATSDSRQGDASGELFF,RTASAEYNV,-31.75109100341797,20,1
4,<MIS>,CASFGSNQPQHF,RTASAEYNV,-35.51710510253906,8,1
5,<MIS>,CASSSRQAGTNEKLFF,RTASAEYNV,-37.6234130859375,3,1
6,<MIS>,CSAREPQAGRYGYTF,RTASAEYNV,-38.07101058959961,2,1
7,<MIS>,CASRDSNQPQHF,RTASAEYNV,-35.00472640991211,12,1
8,<MIS>,CASSLEANTEAFF,RTASAEYNV,-32.04384231567383,19,1
9,<MIS>,CASSFSLLGGELFF,RTASAEYNV,-34.86564636230469,13,1
10,<MIS>,CSVEDLTSQGPIKNTEAFF,RTASAEYNV,-35.29478454589844,10,1
11,<MIS>,CASRWSNEKLFF,RTASAEYNV,-33.82865905761719,17,1
12,<MIS>,CASSQQYSNQPQHF,RTASAEYNV,-37.530269622802734,4,1
13,<MIS>,CASRPRASGGPYEQYF,RTASAEYNV,-40.728580474853516,0,1
14,<MIS>,CATSSTPTSGGNEQFF,RTASAEYNV,-34.056640625,16,1
15,<MIS>,CASSKTGTFSGYGYTF,RTASAEYNV,-34.53184509277344,15,1
16,<MIS>,CASRFPGTGGAGDPYEQYF,RTASAEYNV,-36.35005569458008,5,1
17,<MIS>,CASSMTGGGYNEQFF,RTASAEYNV,-38.150428771972656,1,1
18,<MIS>,CATSGPNALAGKQFF,RTASAEYNV,-36.310577392578125,6,1
19,<MIS>,CASSLAKLAGGRNTEAFF,RTASAEYNV,-35.4581298828125,9,1
20,<MIS>,CASSHSSGSSYNEQFF,RTASAEYNV,-35.89141845703125,7,1
0,<MIS>,CASSLHWGLSEKLFF,WYQEEINGI,-49.23149871826172,16,1
1,<MIS>,CASGTGENTEAFF,WYQEEINGI,-52.65679931640625,3,1
2,<MIS>,CASSLGTYGYTF,WYQEEINGI,-52.9857292175293,2,1
3,<MIS>,CATSDSRQGDASGELFF,WYQEEINGI,-50.212615966796875,13,1
4,<MIS>,CASFGSNQPQHF,WYQEEINGI,-51.15714645385742,8,1
5,<MIS>,CASSSRQAGTNEKLFF,WYQEEINGI,-48.3166389465332,18,1
6,<MIS>,CSAREPQAGRYGYTF,WYQEEINGI,-52.635345458984375,4,1
7,<MIS>,CASRDSNQPQHF,WYQEEINGI,-51.527008056640625,7,1
8,<MIS>,CASSLEANTEAFF,WYQEEINGI,-50.59513854980469,11,1
9,<MIS>,CASSFSLLGGELFF,WYQEEINGI,-47.71831512451172,20,1
10,<MIS>,CSVEDLTSQGPIKNTEAFF,WYQEEINGI,-48.78346252441406,17,1
11,<MIS>,CASRWSNEKLFF,WYQEEINGI,-50.25123596191406,12,1
12,<MIS>,CASSQQYSNQPQHF,WYQEEINGI,-53.32206726074219,1,1
13,<MIS>,CASRPRASGGPYEQYF,WYQEEINGI,-53.535499572753906,0,1
14,<MIS>,CATSSTPTSGGNEQFF,WYQEEINGI,-52.635337829589844,5,1
15,<MIS>,CASSKTGTFSGYGYTF,WYQEEINGI,-48.258338928222656,19,1
16,<MIS>,CASRFPGTGGAGDPYEQYF,WYQEEINGI,-50.7840576171875,10,1
17,<MIS>,CASSMTGGGYNEQFF,WYQEEINGI,-52.3326530456543,6,1
18,<MIS>,CATSGPNALAGKQFF,WYQEEINGI,-51.04541015625,9,1
19,<MIS>,CASSLAKLAGGRNTEAFF,WYQEEINGI,-49.26140594482422,15,1
20,<MIS>,CASSHSSGSSYNEQFF,WYQEEINGI,-49.94026565551758,14,1
0,<MIS>,CASSLHWGLSEKLFF,GLLSQDDEL,-51.4356689453125,6,1
1,<MIS>,CASGTGENTEAFF,GLLSQDDEL,-47.30001449584961,17,1
2,<MIS>,CASSLGTYGYTF,GLLSQDDEL,-48.967166900634766,13,1
3,<MIS>,CATSDSRQGDASGELFF,GLLSQDDEL,-48.543399810791016,15,1
4,<MIS>,CASFGSNQPQHF,GLLSQDDEL,-45.33473205566406,19,1
5,<MIS>,CASSSRQAGTNEKLFF,GLLSQDDEL,-53.86112976074219,1,1
6,<MIS>,CSAREPQAGRYGYTF,GLLSQDDEL,-46.4119758605957,18,1
7,<MIS>,CASRDSNQPQHF,GLLSQDDEL,-52.439002990722656,3,1
8,<MIS>,CASSLEANTEAFF,GLLSQDDEL,-49.062278747558594,12,1
9,<MIS>,CASSFSLLGGELFF,GLLSQDDEL,-53.2985954284668,2,1
10,<MIS>,CSVEDLTSQGPIKNTEAFF,GLLSQDDEL,-52.242149353027344,4,1
11,<MIS>,CASRWSNEKLFF,GLLSQDDEL,-51.01222229003906,7,1
12,<MIS>,CASSQQYSNQPQHF,GLLSQDDEL,-49.66644287109375,8,1
13,<MIS>,CASRPRASGGPYEQYF,GLLSQDDEL,-55.440185546875,0,1
14,<MIS>,CATSSTPTSGGNEQFF,GLLSQDDEL,-51.884422302246094,5,1
15,<MIS>,CASSKTGTFSGYGYTF,GLLSQDDEL,-44.892189025878906,20,1
16,<MIS>,CASRFPGTGGAGDPYEQYF,GLLSQDDEL,-48.09648895263672,16,1
17,<MIS>,CASSMTGGGYNEQFF,GLLSQDDEL,-49.424842834472656,11,1
18,<MIS>,CATSGPNALAGKQFF,GLLSQDDEL,-49.548160552978516,10,1
19,<MIS>,CASSLAKLAGGRNTEAFF,GLLSQDDEL,-49.66236114501953,9,1
20,<MIS>,CASSHSSGSSYNEQFF,GLLSQDDEL,-48.77463912963867,14,1
0,<MIS>,CASSLHWGLSEKLFF,SSTLGSLTL,-39.375755310058594,11,1
1,<MIS>,CASGTGENTEAFF,SSTLGSLTL,-40.041847229003906,8,1
2,<MIS>,CASSLGTYGYTF,SSTLGSLTL,-35.84783172607422,20,1
3,<MIS>,CATSDSRQGDASGELFF,SSTLGSLTL,-43.4791374206543,1,1
4,<MIS>,CASFGSNQPQHF,SSTLGSLTL,-39.732826232910156,9,1
5,<MIS>,CASSSRQAGTNEKLFF,SSTLGSLTL,-38.70058059692383,15,1
6,<MIS>,CSAREPQAGRYGYTF,SSTLGSLTL,-39.21038818359375,13,1
7,<MIS>,CASRDSNQPQHF,SSTLGSLTL,-42.022499084472656,4,1
8,<MIS>,CASSLEANTEAFF,SSTLGSLTL,-38.85811996459961,14,1
9,<MIS>,CASSFSLLGGELFF,SSTLGSLTL,-40.20792007446289,6,1
10,<MIS>,CSVEDLTSQGPIKNTEAFF,SSTLGSLTL,-40.149627685546875,7,1
11,<MIS>,CASRWSNEKLFF,SSTLGSLTL,-37.6622314453125,17,1
12,<MIS>,CASSQQYSNQPQHF,SSTLGSLTL,-44.226566314697266,0,1
13,<MIS>,CASRPRASGGPYEQYF,SSTLGSLTL,-42.191192626953125,3,1
14,<MIS>,CATSSTPTSGGNEQFF,SSTLGSLTL,-38.69967269897461,16,1
15,<MIS>,CASSKTGTFSGYGYTF,SSTLGSLTL,-37.268524169921875,19,1
16,<MIS>,CASRFPGTGGAGDPYEQYF,SSTLGSLTL,-37.44179916381836,18,1
17,<MIS>,CASSMTGGGYNEQFF,SSTLGSLTL,-40.47834396362305,5,1
18,<MIS>,CATSGPNALAGKQFF,SSTLGSLTL,-42.33367919921875,2,1
19,<MIS>,CASSLAKLAGGRNTEAFF,SSTLGSLTL,-39.310333251953125,12,1
20,<MIS>,CASSHSSGSSYNEQFF,SSTLGSLTL,-39.522918701171875,10,1
0,<MIS>,CASSLHWGLSEKLFF,YTCPCNFTL,-44.91386413574219,10,1
1,<MIS>,CASGTGENTEAFF,YTCPCNFTL,-42.41695022583008,15,1
2,<MIS>,CASSLGTYGYTF,YTCPCNFTL,-41.36199951171875,19,1
3,<MIS>,CATSDSRQGDASGELFF,YTCPCNFTL,-45.029056549072266,9,1
4,<MIS>,CASFGSNQPQHF,YTCPCNFTL,-45.58258819580078,7,1
5,<MIS>,CASSSRQAGTNEKLFF,YTCPCNFTL,-45.06022262573242,8,1
6,<MIS>,CSAREPQAGRYGYTF,YTCPCNFTL,-41.53972625732422,18,1
7,<MIS>,CASRDSNQPQHF,YTCPCNFTL,-48.30755615234375,0,1
8,<MIS>,CASSLEANTEAFF,YTCPCNFTL,-45.801658630371094,6,1
9,<MIS>,CASSFSLLGGELFF,YTCPCNFTL,-47.59230041503906,2,1
10,<MIS>,CSVEDLTSQGPIKNTEAFF,YTCPCNFTL,-42.40361785888672,16,1
11,<MIS>,CASRWSNEKLFF,YTCPCNFTL,-47.62855911254883,1,1
12,<MIS>,CASSQQYSNQPQHF,YTCPCNFTL,-44.4854736328125,11,1
13,<MIS>,CASRPRASGGPYEQYF,YTCPCNFTL,-45.80897521972656,5,1
14,<MIS>,CATSSTPTSGGNEQFF,YTCPCNFTL,-46.844398498535156,3,1
15,<MIS>,CASSKTGTFSGYGYTF,YTCPCNFTL,-41.64783477783203,17,1
16,<MIS>,CASRFPGTGGAGDPYEQYF,YTCPCNFTL,-42.58244705200195,14,1
17,<MIS>,CASSMTGGGYNEQFF,YTCPCNFTL,-37.080604553222656,20,1
18,<MIS>,CATSGPNALAGKQFF,YTCPCNFTL,-46.463653564453125,4,1
19,<MIS>,CASSLAKLAGGRNTEAFF,YTCPCNFTL,-44.343231201171875,12,1
20,<MIS>,CASSHSSGSSYNEQFF,YTCPCNFTL,-43.35108184814453,13,1
0,<MIS>,CASSLHWGLSEKLFF,FLSIGYGNM,-41.00843048095703,12,1
1,<MIS>,CASGTGENTEAFF,FLSIGYGNM,-43.16067123413086,6,1
2,<MIS>,CASSLGTYGYTF,FLSIGYGNM,-44.072601318359375,4,1
3,<MIS>,CATSDSRQGDASGELFF,FLSIGYGNM,-41.360504150390625,11,1
4,<MIS>,CASFGSNQPQHF,FLSIGYGNM,-39.131378173828125,16,1
5,<MIS>,CASSSRQAGTNEKLFF,FLSIGYGNM,-43.963340759277344,5,1
6,<MIS>,CSAREPQAGRYGYTF,FLSIGYGNM,-37.858333587646484,19,1
7,<MIS>,CASRDSNQPQHF,FLSIGYGNM,-42.253692626953125,8,1
8,<MIS>,CASSLEANTEAFF,FLSIGYGNM,-40.57658004760742,13,1
9,<MIS>,CASSFSLLGGELFF,FLSIGYGNM,-42.05644607543945,9,1
10,<MIS>,CSVEDLTSQGPIKNTEAFF,FLSIGYGNM,-39.932804107666016,14,1
11,<MIS>,CASRWSNEKLFF,FLSIGYGNM,-42.88718795776367,7,1
12,<MIS>,CASSQQYSNQPQHF,FLSIGYGNM,-45.07939147949219,1,1
13,<MIS>,CASRPRASGGPYEQYF,FLSIGYGNM,-45.54719924926758,0,1
14,<MIS>,CATSSTPTSGGNEQFF,FLSIGYGNM,-44.10893249511719,3,1
15,<MIS>,CASSKTGTFSGYGYTF,FLSIGYGNM,-35.230491638183594,20,1
16,<MIS>,CASRFPGTGGAGDPYEQYF,FLSIGYGNM,-38.01792907714844,18,1
17,<MIS>,CASSMTGGGYNEQFF,FLSIGYGNM,-44.27690887451172,2,1
18,<MIS>,CATSGPNALAGKQFF,FLSIGYGNM,-41.93212127685547,10,1
19,<MIS>,CASSLAKLAGGRNTEAFF,FLSIGYGNM,-39.88853454589844,15,1
20,<MIS>,CASSHSSGSSYNEQFF,FLSIGYGNM,-39.03936004638672,17,1
0,<MIS>,CASSLHWGLSEKLFF,DYSHYYTSI,-39.83173370361328,5,1
1,<MIS>,CASGTGENTEAFF,DYSHYYTSI,-39.758121490478516,8,1
2,<MIS>,CASSLGTYGYTF,DYSHYYTSI,-36.975982666015625,17,1
3,<MIS>,CATSDSRQGDASGELFF,DYSHYYTSI,-40.24276351928711,4,1
4,<MIS>,CASFGSNQPQHF,DYSHYYTSI,-42.15006637573242,2,1
5,<MIS>,CASSSRQAGTNEKLFF,DYSHYYTSI,-36.3369026184082,19,1
6,<MIS>,CSAREPQAGRYGYTF,DYSHYYTSI,-39.47319793701172,9,1
7,<MIS>,CASRDSNQPQHF,DYSHYYTSI,-44.29420471191406,1,1
8,<MIS>,CASSLEANTEAFF,DYSHYYTSI,-39.785804748535156,7,1
9,<MIS>,CASSFSLLGGELFF,DYSHYYTSI,-38.06504440307617,15,1
10,<MIS>,CSVEDLTSQGPIKNTEAFF,DYSHYYTSI,-36.30815887451172,20,1
11,<MIS>,CASRWSNEKLFF,DYSHYYTSI,-38.5425910949707,12,1
12,<MIS>,CASSQQYSNQPQHF,DYSHYYTSI,-47.678749084472656,0,1
13,<MIS>,CASRPRASGGPYEQYF,DYSHYYTSI,-41.88263702392578,3,1
14,<MIS>,CATSSTPTSGGNEQFF,DYSHYYTSI,-39.79412078857422,6,1
15,<MIS>,CASSKTGTFSGYGYTF,DYSHYYTSI,-36.54911422729492,18,1
16,<MIS>,CASRFPGTGGAGDPYEQYF,DYSHYYTSI,-38.384422302246094,13,1
17,<MIS>,CASSMTGGGYNEQFF,DYSHYYTSI,-37.99644470214844,16,1
18,<MIS>,CATSGPNALAGKQFF,DYSHYYTSI,-38.95716857910156,10,1
19,<MIS>,CASSLAKLAGGRNTEAFF,DYSHYYTSI,-38.08119201660156,14,1
20,<MIS>,CASSHSSGSSYNEQFF,DYSHYYTSI,-38.59089279174805,11,1
