,CDR3b,CDR3a,peptide,MHC,binder
0,CASSLHWGLSEKLFF,<MIS>,LGSPGDAGL,<MIS>,1
1,CASGTGENTEAFF,<MIS>,LGSPGDAGL,<MIS>,1
2,CASSLGTYGYTF,<MIS>,LGSPGDAGL,<MIS>,1
3,CATSDSRQGDASGELFF,<MIS>,LGSPGDAGL,<MIS>,1
4,CASFGSNQPQHF,<MIS>,LGSPGDAGL,<MIS>,1
5,CASSSRQAGTNEKLFF,<MIS>,LGSPGDAGL,<MIS>,1
6,CSAREPQAGRYGYTF,<MIS>,LGSPGDAGL,<MIS>,1
7,CASRDSNQPQHF,<MIS>,LGSPGDAGL,<MIS>,1
8,CASSLEANTEAFF,<MIS>,LGSPGDAGL,<MIS>,1
9,CASSFSLLGGELFF,<MIS>,LGSPGDAGL,<MIS>,1
10,CSVEDLTSQGPIKNTEAFF,<MIS>,LGSPGDAGL,<MIS>,1
11,CASRWSNEKLFF,<MIS>,LGSPGDAGL,<MIS>,1
12,CASSQQYSNQPQHF,<MIS>,LGSPGDAGL,<MIS>,1
13,CASRPRASGGPYEQYF,<MIS>,LGSPGDAGL,<MIS>,1
14,CATSSTPTSGGNEQFF,<MIS>,LGSPGDAGL,<MIS>,1
15,CASSKTGTFSGYGYTF,<MIS>,LGSPGDAGL,<MIS>,1
16,CASRFPGTGGAGDPYEQYF,<MIS>,LGSPGDAGL,<MIS>,1
17,CASSMTGGGYNEQFF,<MIS>,LGSPGDAGL,<MIS>,1
18,CATSGPNALAGKQFF,<MIS>,LGSPGDAGL,<MIS>,1
19,CASSLAKLAGGRNTEAFF,<MIS>,LGSPGDAGL,<MIS>,1
20,CASSHSSGSSYNEQFF,<MIS>,LGSPGDAGL,<MIS>,1
21,CASSLHWGLSEKLFF,<MIS>,AAERGIEKM,<MIS>,1
22,CASGTGENTEAFF,<MIS>,AAERGIEKM,<MIS>,1
23,CASSLGTYGYTF,<MIS>,AAERGIEKM,<MIS>,1
24,CATSDSRQGDASGELFF,<MIS>,AAERGIEKM,<MIS>,1
25,CASFGSNQPQHF,<MIS>,AAERGIEKM,<MIS>,1
26,CASSSRQAGTNEKLFF,<MIS>,AAERGIEKM,<MIS>,1
27,CSAREPQAGRYGYTF,<MIS>,AAERGIEKM,<MIS>,1
28,CASRDSNQPQHF,<MIS>,AAERGIEKM,<MIS>,1
29,CASSLEANTEAFF,<MIS>,AAERGIEKM,<MIS>,1
30,CASSFSLLGGELFF,<MIS>,AAERGIEKM,<MIS>,1
31,CSVEDLTSQGPIKNTEAFF,<MIS>,AAERGIEKM,<MIS>,1
32,CASRWSNEKLFF,<MIS>,AAERGIEKM,<MIS>,1
33,CASSQQYSNQPQHF,<MIS>,AAERGIEKM,<MIS>,1
34,CASRPRASGGPYEQYF,<MIS>,AAERGIEKM,<MIS>,1
35,CATSSTPTSGGNEQFF,<MIS>,AAERGIEKM,<MIS>,1
36,CASSKTGTFSGYGYTF,<MIS>,AAERGIEKM,<MIS>,1
37,CASRFPGTGGAGDPYEQYF,<MIS>,AAERGIEKM,<MIS>,1
38,CASSMTGGGYNEQFF,<MIS>,AAERGIEKM,<MIS>,1
39,CATSGPNALAGKQFF,<MIS>,AAERGIEKM,<MIS>,1
40,CASSLAKLAGGRNTEAFF,<MIS>,AAERGIEKM,<MIS>,1
41,CASSHSSGSSYNEQFF,<MIS>,AAERGIEKM,<MIS>,1
42,CASSLHWGLSEKLFF,<MIS>,HYYTSIQDL,<MIS>,1
43,CASGTGENTEAFF,<MIS>,HYYTSIQDL,<MIS>,1
44,CASSLGTYGYTF,<MIS>,HYYTSIQDL,<MIS>,1
45,CATSDSRQGDASGELFF,<MIS>,HYYTSIQDL,<MIS>,1
46,CASFGSNQPQHF,<MIS>,HYYTSIQDL,<MIS>,1
47,CASSSRQAGTNEKLFF,<MIS>,HYYTSIQDL,<MIS>,1
48,CSAREPQAGRYGYTF,<MIS>,HYYTSIQDL,<MIS>,1
49,CASRDSNQPQHF,<MIS>,HYYTSIQDL,<MIS>,1
50,CASSLEANTEAFF,<MIS>,HYYTSIQDL,<MIS>,1
51,CASSFSLLGGELFF,<MIS>,HYYTSIQDL,<MIS>,1
52,CSVEDLTSQGPIKNTEAFF,<MIS>,HYYTSIQDL,<MIS>,1
53,CASRWSNEKLFF,<MIS>,HYYTSIQDL,<MIS>,1
54,CASSQQYSNQPQHF,<MIS>,HYYTSIQDL,<MIS>,1
55,CASRPRASGGPYEQYF,<MIS>,HYYTSIQDL,<MIS>,1
56,CATSSTPTSGGNEQFF,<MIS>,HYYTSIQDL,<MIS>,1
57,CASSKTGTFSGYGYTF,<MIS>,HYYTSIQDL,<MIS>,1
58,CASRFPGTGGAGDPYEQYF,<MIS>,HYYTSIQDL,<MIS>,1
59,CASSMTGGGYNEQFF,<MIS>,HYYTSIQDL,<MIS>,1
60,CATSGPNALAGKQFF,<MIS>,HYYTSIQDL,<MIS>,1
61,CASSLAKLAGGRNTEAFF,<MIS>,HYYTSIQDL,<MIS>,1
62,CASSHSSGSSYNEQFF,<MIS>,HYYTSIQDL,<MIS>,1
63,CASSLHWGLSEKLFF,<MIS>,ITLEEASWL,<MIS>,1
64,CASGTGENTEAFF,<MIS>,ITLEEASWL,<MIS>,1
65,CASSLGTYGYTF,<MIS>,ITLEEASWL,<MIS>,1
66,CATSDSRQGDASGELFF,<MIS>,ITLEEASWL,<MIS>,1
67,CASFGSNQPQHF,<MIS>,ITLEEASWL,<MIS>,1
68,CASSSRQAGTNEKLFF,<MIS>,ITLEEASWL,<MIS>,1
69,CSAREPQAGRYGYTF,<MIS>,ITLEEASWL,<MIS>,1
70,CASRDSNQPQHF,<MIS>,ITLEEASWL,<MIS>,1
71,CASSLEANTEAFF,<MIS>,ITLEEASWL,<MIS>,1
72,CASSFSLLGGELFF,<MIS>,ITLEEASWL,<MIS>,1
73,CSVEDLTSQGPIKNTEAFF,<MIS>,ITLEEASWL,<MIS>,1
74,CASRWSNEKLFF,<MIS>,ITLEEASWL,<MIS>,1
75,CASSQQYSNQPQHF,<MIS>,ITLEEASWL,<MIS>,1
76,CASRPRASGGPYEQYF,<MIS>,ITLEEASWL,<MIS>,1
77,CATSSTPTSGGNEQFF,<MIS>,ITLEEASWL,<MIS>,1
78,CASSKTGTFSGYGYTF,<MIS>,ITLEEASWL,<MIS>,1
79,CASRFPGTGGAGDPYEQYF,<MIS>,ITLEEASWL,<MIS>,1
80,CASSMTGGGYNEQFF,<MIS>,ITLEEASWL,<MIS>,1
81,CATSGPNALAGKQFF,<MIS>,ITLEEASWL,<MIS>,1
82,CASSLAKLAGGRNTEAFF,<MIS>,ITLEEASWL,<MIS>,1
83,CASSHSSGSSYNEQFF,<MIS>,ITLEEASWL,<MIS>,1
84,CASSLHWGLSEKLFF,<MIS>,EEASWLGWL,<MIS>,1
85,CASGTGENTEAFF,<MIS>,EEASWLGWL,<MIS>,1
86,CASSLGTYGYTF,<MIS>,EEASWLGWL,<MIS>,1
87,CATSDSRQGDASGELFF,<MIS>,EEASWLGWL,<MIS>,1
88,CASFGSNQPQHF,<MIS>,EEASWLGWL,<MIS>,1
89,CASSSRQAGTNEKLFF,<MIS>,EEASWLGWL,<MIS>,1
90,CSAREPQAGRYGYTF,<MIS>,EEASWLGWL,<MIS>,1
91,CASRDSNQPQHF,<MIS>,EEASWLGWL,<MIS>,1
92,CASSLEANTEAFF,<MIS>,EEASWLGWL,<MIS>,1
93,CASSFSLLGGELFF,<MIS>,EEASWLGWL,<MIS>,1
94,CSVEDLTSQGPIKNTEAFF,<MIS>,EEASWLGWL,<MIS>,1
95,CASRWSNEKLFF,<MIS>,EEASWLGWL,<MIS>,1
96,CASSQQYSNQPQHF,<MIS>,EEASWLGWL,<MIS>,1
97,CASRPRASGGPYEQYF,<MIS>,EEASWLGWL,<MIS>,1
98,CATSSTPTSGGNEQFF,<MIS>,EEASWLGWL,<MIS>,1
99,CASSKTGTFSGYGYTF,<MIS>,EEASWLGWL,<MIS>,1
100,CASRFPGTGGAGDPYEQYF,<MIS>,EEASWLGWL,<MIS>,1
101,CASSMTGGGYNEQFF,<MIS>,EEASWLGWL,<MIS>,1
102,CATSGPNALAGKQFF,<MIS>,EEASWLGWL,<MIS>,1
103,CASSLAKLAGGRNTEAFF,<MIS>,EEASWLGWL,<MIS>,1
104,CASSHSSGSSYNEQFF,<MIS>,EEASWLGWL,<MIS>,1
105,CASSLHWGLSEKLFF,<MIS>,RTASAEYNV,<MIS>,1
106,CASGTGENTEAFF,<MIS>,RTASAEYNV,<MIS>,1
107,CASSLGTYGYTF,<MIS>,RTASAEYNV,<MIS>,1
108,CATSDSRQGDASGELFF,<MIS>,RTASAEYNV,<MIS>,1
109,CASFGSNQPQHF,<MIS>,RTASAEYNV,<MIS>,1
110,CASSSRQAGTNEKLFF,<MIS>,RTASAEYNV,<MIS>,1
111,CSAREPQAGRYGYTF,<MIS>,RTASAEYNV,<MIS>,1
112,CASRDSNQPQHF,<MIS>,RTASAEYNV,<MIS>,1
113,CASSLEANTEAFF,<MIS>,RTASAEYNV,<MIS>,1
114,CASSFSLLGGELFF,<MIS>,RTASAEYNV,<MIS>,1
115,CSVEDLTSQGPIKNTEAFF,<MIS>,RTASAEYNV,<MIS>,1
116,CASRWSNEKLFF,<MIS>,RTASAEYNV,<MIS>,1
117,CASSQQYSNQPQHF,<MIS>,RTASAEYNV,<MIS>,1
118,CASRPRASGGPYEQYF,<MIS>,RTASAEYNV,<MIS>,1
119,CATSSTPTSGGNEQFF,<MIS>,RTASAEYNV,<MIS>,1
120,CASSKTGTFSGYGYTF,<MIS>,RTASAEYNV,<MIS>,1
121,CASRFPGTGGAGDPYEQYF,<MIS>,RTASAEYNV,<MIS>,1
122,CASSMTGGGYNEQFF,<MIS>,RTASAEYNV,<MIS>,1
123,CATSGPNALAGKQFF,<MIS>,RTASAEYNV,<MIS>,1
124,CASSLAKLAGGRNTEAFF,<MIS>,RTASAEYNV,<MIS>,1
125,CASSHSSGSSYNEQFF,<MIS>,RTASAEYNV,<MIS>,1
126,CASSLHWGLSEKLFF,<MIS>,WYQEEINGI,<MIS>,1
127,CASGTGENTEAFF,<MIS>,WYQEEINGI,<MIS>,1
128,CASSLGTYGYTF,<MIS>,WYQEEINGI,<MIS>,1
129,CATSDSRQGDASGELFF,<MIS>,WYQEEINGI,<MIS>,1
130,CASFGSNQPQHF,<MIS>,WYQEEINGI,<MIS>,1
131,CASSSRQAGTNEKLFF,<MIS>,WYQEEINGI,<MIS>,1
132,CSAREPQAGRYGYTF,<MIS>,WYQEEINGI,<MIS>,1
133,CASRDSNQPQHF,<MIS>,WYQEEINGI,<MIS>,1
134,CASSLEANTEAFF,<MIS>,WYQEEINGI,<MIS>,1
135,CASSFSLLGGELFF,<MIS>,WYQEEINGI,<MIS>,1
136,CSVEDLTSQGPIKNTEAFF,<MIS>,WYQEEINGI,<MIS>,1
137,CASRWSNEKLFF,<MIS>,WYQEEINGI,<MIS>,1
138,CASSQQYSNQPQHF,<MIS>,WYQEEINGI,<MIS>,1
139,CASRPRASGGPYEQYF,<MIS>,WYQEEINGI,<MIS>,1
140,CATSSTPTSGGNEQFF,<MIS>,WYQEEINGI,<MIS>,1
141,CASSKTGTFSGYGYTF,<MIS>,WYQEEINGI,<MIS>,1
142,CASRFPGTGGAGDPYEQYF,<MIS>,WYQEEINGI,<MIS>,1
143,CASSMTGGGYNEQFF,<MIS>,WYQEEINGI,<MIS>,1
144,CATSGPNALAGKQFF,<MIS>,WYQEEINGI,<MIS>,1
145,CASSLAKLAGGRNTEAFF,<MIS>,WYQEEINGI,<MIS>,1
146,CASSHSSGSSYNEQFF,<MIS>,WYQEEINGI,<MIS>,1
147,CASSLHWGLSEKLFF,<MIS>,GLLSQDDEL,<MIS>,1
148,CASGTGENTEAFF,<MIS>,GLLSQDDEL,<MIS>,1
149,CASSLGTYGYTF,<MIS>,GLLSQDDEL,<MIS>,1
150,CATSDSRQGDASGELFF,<MIS>,GLLSQDDEL,<MIS>,1
151,CASFGSNQPQHF,<MIS>,GLLSQDDEL,<MIS>,1
152,CASSSRQAGTNEKLFF,<MIS>,GLLSQDDEL,<MIS>,1
153,CSAREPQAGRYGYTF,<MIS>,GLLSQDDEL,<MIS>,1
154,CASRDSNQPQHF,<MIS>,GLLSQDDEL,<MIS>,1
155,CASSLEANTEAFF,<MIS>,GLLSQDDEL,<MIS>,1
156,CASSFSLLGGELFF,<MIS>,GLLSQDDEL,<MIS>,1
157,CSVEDLTSQGPIKNTEAFF,<MIS>,GLLSQDDEL,<MIS>,1
158,CASRWSNEKLFF,<MIS>,GLLSQDDEL,<MIS>,1
159,CASSQQYSNQPQHF,<MIS>,GLLSQDDEL,<MIS>,1
160,CASRPRASGGPYEQYF,<MIS>,GLLSQDDEL,<MIS>,1
161,CATSSTPTSGGNEQFF,<MIS>,GLLSQDDEL,<MIS>,1
162,CASSKTGTFSGYGYTF,<MIS>,GLLSQDDEL,<MIS>,1
163,CASRFPGTGGAGDPYEQYF,<MIS>,GLLSQDDEL,<MIS>,1
164,CASSMTGGGYNEQFF,<MIS>,GLLSQDDEL,<MIS>,1
165,CATSGPNALAGKQFF,<MIS>,GLLSQDDEL,<MIS>,1
166,CASSLAKLAGGRNTEAFF,<MIS>,GLLSQDDEL,<MIS>,1
167,CASSHSSGSSYNEQFF,<MIS>,GLLSQDDEL,<MIS>,1
168,CASSLHWGLSEKLFF,<MIS>,SSTLGSLTL,<MIS>,1
169,CASGTGENTEAFF,<MIS>,SSTLGSLTL,<MIS>,1
170,CASSLGTYGYTF,<MIS>,SSTLGSLTL,<MIS>,1
171,CATSDSRQGDASGELFF,<MIS>,SSTLGSLTL,<MIS>,1
172,CASFGSNQPQHF,<MIS>,SSTLGSLTL,<MIS>,1
173,CASSSRQAGTNEKLFF,<MIS>,SSTLGSLTL,<MIS>,1
174,CSAREPQAGRYGYTF,<MIS>,SSTLGSLTL,<MIS>,1
175,CASRDSNQPQHF,<MIS>,SSTLGSLTL,<MIS>,1
176,CASSLEANTEAFF,<MIS>,SSTLGSLTL,<MIS>,1
177,CASSFSLLGGELFF,<MIS>,SSTLGSLTL,<MIS>,1
178,CSVEDLTSQGPIKNTEAFF,<MIS>,SSTLGSLTL,<MIS>,1
179,CASRWSNEKLFF,<MIS>,SSTLGSLTL,<MIS>,1
180,CASSQQYSNQPQHF,<MIS>,SSTLGSLTL,<MIS>,1
181,CASRPRASGGPYEQYF,<MIS>,SSTLGSLTL,<MIS>,1
182,CATSSTPTSGGNEQFF,<MIS>,SSTLGSLTL,<MIS>,1
183,CASSKTGTFSGYGYTF,<MIS>,SSTLGSLTL,<MIS>,1
184,CASRFPGTGGAGDPYEQYF,<MIS>,SSTLGSLTL,<MIS>,1
185,CASSMTGGGYNEQFF,<MIS>,SSTLGSLTL,<MIS>,1
186,CATSGPNALAGKQFF,<MIS>,SSTLGSLTL,<MIS>,1
187,CASSLAKLAGGRNTEAFF,<MIS>,SSTLGSLTL,<MIS>,1
188,CASSHSSGSSYNEQFF,<MIS>,SSTLGSLTL,<MIS>,1
189,CASSLHWGLSEKLFF,<MIS>,YTCPCNFTL,<MIS>,1
190,CASGTGENTEAFF,<MIS>,YTCPCNFTL,<MIS>,1
191,CASSLGTYGYTF,<MIS>,YTCPCNFTL,<MIS>,1
192,CATSDSRQGDASGELFF,<MIS>,YTCPCNFTL,<MIS>,1
193,CASFGSNQPQHF,<MIS>,YTCPCNFTL,<MIS>,1
194,CASSSRQAGTNEKLFF,<MIS>,YTCPCNFTL,<MIS>,1
195,CSAREPQAGRYGYTF,<MIS>,YTCPCNFTL,<MIS>,1
196,CASRDSNQPQHF,<MIS>,YTCPCNFTL,<MIS>,1
197,CASSLEANTEAFF,<MIS>,YTCPCNFTL,<MIS>,1
198,CASSFSLLGGELFF,<MIS>,YTCPCNFTL,<MIS>,1
199,CSVEDLTSQGPIKNTEAFF,<MIS>,YTCPCNFTL,<MIS>,1
200,CASRWSNEKLFF,<MIS>,YTCPCNFTL,<MIS>,1
201,CASSQQYSNQPQHF,<MIS>,YTCPCNFTL,<MIS>,1
202,CASRPRASGGPYEQYF,<MIS>,YTCPCNFTL,<MIS>,1
203,CATSSTPTSGGNEQFF,<MIS>,YTCPCNFTL,<MIS>,1
204,CASSKTGTFSGYGYTF,<MIS>,YTCPCNFTL,<MIS>,1
205,CASRFPGTGGAGDPYEQYF,<MIS>,YTCPCNFTL,<MIS>,1
206,CASSMTGGGYNEQFF,<MIS>,YTCPCNFTL,<MIS>,1
207,CATSGPNALAGKQFF,<MIS>,YTCPCNFTL,<MIS>,1
208,CASSLAKLAGGRNTEAFF,<MIS>,YTCPCNFTL,<MIS>,1
209,CASSHSSGSSYNEQFF,<MIS>,YTCPCNFTL,<MIS>,1
210,CASSLHWGLSEKLFF,<MIS>,FLSIGYGNM,<MIS>,1
211,CASGTGENTEAFF,<MIS>,FLSIGYGNM,<MIS>,1
212,CASSLGTYGYTF,<MIS>,FLSIGYGNM,<MIS>,1
213,CATSDSRQGDASGELFF,<MIS>,FLSIGYGNM,<MIS>,1
214,CASFGSNQPQHF,<MIS>,FLSIGYGNM,<MIS>,1
215,CASSSRQAGTNEKLFF,<MIS>,FLSIGYGNM,<MIS>,1
216,CSAREPQAGRYGYTF,<MIS>,FLSIGYGNM,<MIS>,1
217,CASRDSNQPQHF,<MIS>,FLSIGYGNM,<MIS>,1
218,CASSLEANTEAFF,<MIS>,FLSIGYGNM,<MIS>,1
219,CASSFSLLGGELFF,<MIS>,FLSIGYGNM,<MIS>,1
220,CSVEDLTSQGPIKNTEAFF,<MIS>,FLSIGYGNM,<MIS>,1
221,CASRWSNEKLFF,<MIS>,FLSIGYGNM,<MIS>,1
222,CASSQQYSNQPQHF,<MIS>,FLSIGYGNM,<MIS>,1
223,CASRPRASGGPYEQYF,<MIS>,FLSIGYGNM,<MIS>,1
224,CATSSTPTSGGNEQFF,<MIS>,FLSIGYGNM,<MIS>,1
225,CASSKTGTFSGYGYTF,<MIS>,FLSIGYGNM,<MIS>,1
226,CASRFPGTGGAGDPYEQYF,<MIS>,FLSIGYGNM,<MIS>,1
227,CASSMTGGGYNEQFF,<MIS>,FLSIGYGNM,<MIS>,1
228,CATSGPNALAGKQFF,<MIS>,FLSIGYGNM,<MIS>,1
229,CASSLAKLAGGRNTEAFF,<MIS>,FLSIGYGNM,<MIS>,1
230,CASSHSSGSSYNEQFF,<MIS>,FLSIGYGNM,<MIS>,1
231,CASSLHWGLSEKLFF,<MIS>,DYSHYYTSI,<MIS>,1
232,CASGTGENTEAFF,<MIS>,DYSHYYTSI,<MIS>,1
233,CASSLGTYGYTF,<MIS>,DYSHYYTSI,<MIS>,1
234,CATSDSRQGDASGELFF,<MIS>,DYSHYYTSI,<MIS>,1
235,CASFGSNQPQHF,<MIS>,DYSHYYTSI,<MIS>,1
236,CASSSRQAGTNEKLFF,<MIS>,DYSHYYTSI,<MIS>,1
237,CSAREPQAGRYGYTF,<MIS>,DYSHYYTSI,<MIS>,1
238,CASRDSNQPQHF,<MIS>,DYSHYYTSI,<MIS>,1
239,CASSLEANTEAFF,<MIS>,DYSHYYTSI,<MIS>,1
240,CASSFSLLGGELFF,<MIS>,DYSHYYTSI,<MIS>,1
241,CSVEDLTSQGPIKNTEAFF,<MIS>,DYSHYYTSI,<MIS>,1
242,CASRWSNEKLFF,<MIS>,DYSHYYTSI,<MIS>,1
243,CASSQQYSNQPQHF,<MIS>,DYSHYYTSI,<MIS>,1
244,CASRPRASGGPYEQYF,<MIS>,DYSHYYTSI,<MIS>,1
245,CATSSTPTSGGNEQFF,<MIS>,DYSHYYTSI,<MIS>,1
246,CASSKTGTFSGYGYTF,<MIS>,DYSHYYTSI,<MIS>,1
247,CASRFPGTGGAGDPYEQYF,<MIS>,DYSHYYTSI,<MIS>,1
248,CASSMTGGGYNEQFF,<MIS>,DYSHYYTSI,<MIS>,1
249,CATSGPNALAGKQFF,<MIS>,DYSHYYTSI,<MIS>,1
250,CASSLAKLAGGRNTEAFF,<MIS>,DYSHYYTSI,<MIS>,1
251,CASSHSSGSSYNEQFF,<MIS>,DYSHYYTSI,<MIS>,1
